{
  "requirements": [
    {
      "bonus": false,
      "description": "1 - Implemente a função read",
      "enabled": true,
      "identifier": "test_read_jobs",
      "order": 1,
      "skill_ids": []
    },
    {
      "bonus": false,
      "description": "2 - Implemente a função get_unique_job_types",
      "enabled": true,
      "identifier": "test_get_unique_job_types",
      "order": 2,
      "skill_ids": []
    },
    {
      "bonus": false,
      "description": "3 - Implemente a função get_unique_industries",
      "enabled": true,
      "identifier": "test_get_unique_industries",
      "order": 3,
      "skill_ids": []
    },
    {
      "bonus": false,
      "description": "4 - Implemente a função get_max_salary",
      "enabled": true,
      "identifier": "test_get_max_salary",
      "order": 4,
      "skill_ids": []
    },
    {
      "bonus": false,
      "description": "5 - Implemente a função get_min_salary",
      "enabled": true,
      "identifier": "test_get_min_salary",
      "order": 5,
      "skill_ids": []
    },
    {
      "bonus": false,
      "description": "6 - Implemente a função filter_by_job_type",
      "enabled": true,
      "identifier": "test_filter_by_job_type",
      "order": 6,
      "skill_ids": []
    },
    {
      "bonus": false,
      "description": "7 - Implemente a função filter_by_industry",
      "enabled": true,
      "identifier": "test_filter_by_industry",
      "order": 7,
      "skill_ids": []
    },
    {
      "bonus": false,
      "description": "8 - Implemente a função matches_salary_range",
      "enabled": true,
      "identifier": "test_matches_salary_range",
      "order": 8,
      "skill_ids": []
    },
    {
      "bonus": false,
      "description": "9 - Implemente a função filter_by_salary_range",
      "enabled": true,
      "identifier": "test_filter_by_salary_range",
      "order": 9,
      "skill_ids": []
    },
    {
      "bonus": false,
      "description": "10 - Implemente um teste para a função count_ocurrences",
      "enabled": true,
      "identifier": "test_counter[count_ocurrences]",
      "order": 10,
      "skill_ids": []
    },
    {
      "bonus": false,
      "description": "11 - Implemente um teste para a função read_brazilian_file",
      "enabled": true,
      "identifier": "test_brazilian_jobs[read_brazilian_file]",
      "order": 11,
      "skill_ids": []
    },
    {
      "bonus": false,
      "description": "12 - Implemente um teste para a função sort_by",
      "enabled": true,
      "identifier": "test_sort_by_criteria[sort_by]",
      "order": 12,
      "skill_ids": []
    },
    {
      "bonus": true,
      "description": "13.1 - Crie a rota /job recebendo o parâmetro index",
      "enabled": true,
      "identifier": "test_job_route_exists",
      "order": 13,
      "skill_ids": []
    },
    {
      "bonus": true,
      "description": "13.2 - Crie a view job, recebendo o parâmetro index",
      "enabled": true,
      "identifier": "test_job_view_exists",
      "order": 14,
      "skill_ids": []
    },
    {
      "bonus": true,
      "description": "13.3 - Implemente view job para que ela retorne status code 200 para jobs válidos",
      "enabled": true,
      "identifier": "test_job_view_status_200",
      "order": 15,
      "skill_ids": []
    },
    {
      "bonus": true,
      "description": "13.4 - Implemente view job de forma a retornar o HTML exato de uma página de job",
      "enabled": true,
      "identifier": "test_job_view_has_job_information",
      "order": 16,
      "skill_ids": []
    }
  ]
}